<?xml version="1.0" encoding="utf-8"?>
<extension version="1.6" type="plugin" group="system" method="upgrade">
	<name>System - YJMegaMenu</name>
	<author>YouJoomla LLC</author>
	<creationDate>January 2011</creationDate>
	<copyright>Copyright (C) 2007 - 2011 Youjoomla LLC. All rights reserved.</copyright>
	<authorEmail>youjoomlallc@gmail.com</authorEmail>
	<authorUrl>www.www.youjoomla.com</authorUrl>
	<version>1.6</version>
	<description>Provides YJMegaMenu Parameters Tab in MainMenu Administration!</description>
	<files>
			<filename plugin="YJMegaMenu">YJMegaMenu.php</filename>
			<folder plugin="YJMegaMenu">YJMegaMenu</folder>
	</files>	
</extension>
