<?xml version="1.0" encoding="utf-8"?>
<install type="module" version="1.5.0" method="upgrade" client="site">
	<name>Akeeba Release System - My Downloads</name>
	<author>Nicholas K. Dionysopoulos</author>
	<creationDate>April 2011</creationDate>
	<copyright>Copyright (c) 2010-2011 Nicholas K. Dionysopoulos</copyright>
	<license>http://www.gnu.org/copyleft/gpl.html GNU/GPL v3 or later</license>
	<authorEmail>nicholas@dionysopoulos.me</authorEmail>
	<authorUrl>http://www.akeebabackup.com</authorUrl>
	<version>1.0</version>
	<description>MOD_ARSDOWNLOADS_DESC</description>
	<files>
		<filename module="mod_arsdownloads">mod_arsdownloads.php</filename>
	</files>
	<languages folder="translations">
		<language tag="en-GB">en-GB.mod_arsdownloads.ini</language>
		<language tag="en-GB">en-GB.mod_arsdownloads.sys.ini</language>
		<language tag="el-GR">el-GR.mod_arsdownloads.ini</language>
		<language tag="el-GR">el-GR.mod_arsdownloads.sys.ini</language>
		<language tag="da-DK">da-DK.mod_arsdownloads.ini</language>
		<language tag="da-DK">da-DK.mod_arsdownloads.sys.ini</language>
		<language tag="nb-NO">nb-NO.mod_arsdownloads.ini</language>
		<language tag="nb-NO">nb-NO.mod_arsdownloads.sys.ini</language>
		<language tag="nl-NL">nl-NL.mod_arsdownloads.ini</language>
		<language tag="nl-NL">nl-NL.mod_arsdownloads.sys.ini</language>
		<language tag="tr-TR">tr-TR.mod_arsdownloads.ini</language>
		<language tag="tr-TR">tr-TR.mod_arsdownloads.sys.ini</language>
        <language tag="uk-UA">uk-UA.mod_arsdownloads.ini</language>
		<language tag="uk-UA">uk-UA.mod_arsdownloads.sys.ini</language>
	</languages>
	<params>
		<param name="cache" type="list" default="1" label="Caching" description="Select whether to cache the content of this module">
			<option value="0">Never</option>
		</param>
		<param name="@spacer" type="spacer" default="" label="" description="" />
		<param name="moduleclass_sfx" type="text" default="" label="Module Class Suffix" description="PARAMMODULECLASSSUFFIX" />
		<param name="@spacer" type="spacer" default="" label="" description="" />
		<param name="streams" type="text" size="20" default="" label="MOD_ARSDOWNLOADS_OPT_STREAMS_LBL" description="MOD_ARSDOWNLOADS_OPT_STREAMS_DESC" />
		<param name="pretext" type="textarea" cols="30" rows="5" default="" label="MOD_ARSDOWNLOADS_OPT_PRETEXT_LBL" description="MOD_ARSDOWNLOADS_OPT_PRETEXT_DESC" />
		<param name="posttext" type="textarea" cols="30" rows="5" default="" label="MOD_ARSDOWNLOADS_OPT_POSTTEXT_LBL" description="MOD_ARSDOWNLOADS_OPT_POSTTEXT_DESC" />
	</params>
	<config>
		<fields name="params">
			<fieldset name="basic">
				<field name="cache" type="list" default="1" label="Caching" description="Select whether to cache the content of this module">
					<option value="0">Never</option>
				</field>
				<field name="@spacer" type="spacer" default="" label="" description="" />
				<field name="moduleclass_sfx" type="text" default="" label="Module Class Suffix" description="PARAMMODULECLASSSUFFIX" />
				<field name="@spacer" type="spacer" default="" label="" description="" />
				<field name="streams" type="text" size="20" default="" label="MOD_ARSDOWNLOADS_OPT_STREAMS_LBL" description="MOD_ARSDOWNLOADS_OPT_STREAMS_DESC" />
				<field name="pretext" type="textarea" cols="30" rows="5" default="" label="MOD_ARSDOWNLOADS_OPT_PRETEXT_LBL" description="MOD_ARSDOWNLOADS_OPT_PRETEXT_DESC" />
				<field name="posttext" type="textarea" cols="30" rows="5" default="" label="MOD_ARSDOWNLOADS_OPT_POSTTEXT_LBL" description="MOD_ARSDOWNLOADS_OPT_POSTTEXT_DESC" />
			</fieldset>
		</fields>
	</config>
</install>