<?xml version="1.0" encoding="UTF-8"?>
<!-- $Id$ -->
<!DOCTYPE install>
<install type="language" version="1.5" client="site" method="upgrade">
	<name>Kunena Forum - Catalan</name>
	<tag>ca-ES</tag>
	<creationDate>2011-03-04</creationDate>
	<version>1.6.4</version>
	<build>4544</build>
	<author>Arivor</author>
	<authorEmail>projectenucat@gmail.com</authorEmail>
	<authorUrl>http://www.nucat.cat</authorUrl>
	<copyright>(C) 2011 Arivor. Llicència Creative Commons</copyright>
	<license>GNU/GPL</license>
	<description>Catalan language file for Kunena Forum Component</description>

	<files>
		<filename>ca-ES.com_kunena.ini</filename>
		<filename>ca-ES.com_kunena.tpl_default.ini</filename>
		<filename>ca-ES.com_kunena.tpl_example.ini</filename>
	</files>
</install>
