<?xml version="1.0" encoding="utf-8"?>
<extension type="module" version="1.6.0" method="upgrade"
	client="site">
	<name>MOD_GCALENDAR_UPCOMING</name>
	<author>G4J Project</author>
	<creationDate>July 2011</creationDate>
	<copyright>This extension is released under the GNU/GPL License.
	</copyright>
	<license>http://www.gnu.org/copyleft/gpl.html
		GNU/GPL</license>
	<authorEmail>info@g4j.laoneo.net
	</authorEmail>
	<authorUrl>g4j.laoneo.net</authorUrl>
	<version>2.3.0</version>
	<description>MOD_GCALENDAR_UPCOMING_XML_DESCRIPTION</description>
	<files>
		<filename module="mod_gcalendar_upcoming">mod_gcalendar_upcoming.php
		</filename>
		<filename>index.html</filename>
		<filename>helper.php</filename>
		<folder>tmpl</folder>
	</files>
	<languages>
		<language tag="en-GB">languages/en-GB.mod_gcalendar_upcoming.ini</language>
		<language tag="en-GB">languages/en-GB.mod_gcalendar_upcoming.sys.ini</language>
		<language tag="de-DE">languages/de-DE.mod_gcalendar_upcoming.ini</language>
		<language tag="de-DE">languages/de-DE.mod_gcalendar_upcoming.sys.ini</language>
	</languages>
	<config>
		<fields name="params"
			addfieldpath="/administrator/components/com_gcalendar/models/fields">
			<fieldset name="basic">
				<field name="calendarids" type="gcalendar" default=""
					label="MOD_GCALENDAR_UPCOMING_FIELD_CALENDAR_IDS_LABEL"
					description="MOD_GCALENDAR_UPCOMING_FIELD_CALENDAR_IDS_DESC" />
				<field name="date_format" type="text" size="80" default="d.m.Y"
					label="MOD_GCALENDAR_UPCOMING_FIELD_DATE_FORMAT_LABEL" description="MOD_GCALENDAR_UPCOMING_FIELD_DATE_FORMAT_DESC" />
				<field name="time_format" type="text" size="80" default="H:i"
					label="MOD_GCALENDAR_UPCOMING_FIELD_TIME_FORMAT_LABEL" description="MOD_GCALENDAR_UPCOMING_FIELD_TIME_FORMAT_DESC" />
				<field name="max_events" type="text" size="2" default="5"
					label="MOD_GCALENDAR_UPCOMING_FIELD_MAX_EVENTS_LABEL" description="MOD_GCALENDAR_UPCOMING_FIELD_MAX_EVENTS_DESC" />
				<field name="order" type="radio" default="1"
					label="MOD_GCALENDAR_UPCOMING_FIELD_ORDER_LABEL" description="MOD_GCALENDAR_UPCOMING_FIELD_ORDER_DESC">
					<option value="1">MOD_GCALENDAR_UPCOMING_FIELD_ORDER_TIME
					</option>
					<option value="0">MOD_GCALENDAR_UPCOMING_FIELD_ORDER_LAST_MODIFIED
					</option>
				</field>
				<field name="find" type="text" size="80" default=""
					label="MOD_GCALENDAR_UPCOMING_FIELD_FILTER_LABEL" description="MOD_GCALENDAR_UPCOMING_FIELD_FILTER_DESC" />
				<field name="@spacer" type="spacer" default="" label=""
					description="" />
				<field name="images" type="list" default="yes"
					label="MOD_GCALENDAR_UPCOMING_FIELD_IMAGES_LABEL" description="MOD_GCALENDAR_UPCOMING_FIELD_IMAGES_DESC">
					<option value="yes">MOD_GCALENDAR_UPCOMING_FIELD_IMAGES_YES
					</option>
					<option value="custom">MOD_GCALENDAR_UPCOMING_FIELD_IMAGES_CUSTOM
					</option>
					<option value="no">MOD_GCALENDAR_UPCOMING_FIELD_IMAGES_NO
					</option>
				</field>
				<field name="calimage_background" type="color" size="7"
					default="729FCC" label="MOD_GCALENDAR_UPCOMING_FIELD_IMAGES_BACKGROUND_LABEL"
					description="MOD_GCALENDAR_UPCOMING_FIELD_IMAGES_BACKGROUND_DESC" />
				<field name="calimage_month" type="color" size="7" default="FFFFFF"
					label="MOD_GCALENDAR_UPCOMING_FIELD_IMAGES_MONTH_LABEL"
					description="MOD_GCALENDAR_UPCOMING_FIELD_IMAGES_MONTH_DESC" />
				<field name="calimage_day" type="color" size="7" default="7CADDE"
					label="MOD_GCALENDAR_UPCOMING_FIELD_IMAGES_DAY_LABEL" description="" />
				<field name="@spacer" type="spacer" default="" label=""
					description="" />
				<field name="moduleclass_sfx" type="text"
					label="COM_MODULES_FIELD_MODULECLASS_SFX_LABEL" description="COM_MODULES_FIELD_MODULECLASS_SFX_DESC" />
			</fieldset>
			<fieldset name="advanced">
				<field name="text_before" type="textarea" default=""
					label="MOD_GCALENDAR_UPCOMING_FIELD_TEXT_BEFORE_LABEL" description="MOD_GCALENDAR_UPCOMING_FIELD_TEXT_BEFORE_DESC"
					rows="3" cols="50" filter="raw" />
				<field name="output" type="textarea2" default=""
					label="MOD_GCALENDAR_UPCOMING_FIELD_OUTPUT_LABEL" description="MOD_GCALENDAR_UPCOMING_FIELD_OUTPUT_DESC"
					rows="5" cols="50" filter="raw">
					<content>&lt;p&gt;{startdate} {starttime} {dateseparator} {enddate} {endtime}&lt;br/&gt;&lt;a href="{backlink}"&gt;{title}&lt;/a&gt;&lt;/p&gt;</content>
					<description>
						MOD_GCALENDAR_UPCOMING_FIELD_OUTPUT_LONG_DESC
					</description>
				</field>
				<field name="text_after" type="textarea" default=""
					label="MOD_GCALENDAR_UPCOMING_FIELD_TEXT_AFTER_LABEL" description="MOD_GCALENDAR_UPCOMING_FIELD_TEXT_AFTER_DESC"
					rows="3" cols="50" filter="raw" />
				<field name="end_date" type="text" size="80" default=""
					label="MOD_GCALENDAR_UPCOMING_FIELD_END_DATE_LABEL"
					description="MOD_GCALENDAR_UPCOMING_FIELD_END_DATE_DESC" />
				<field name="gc_cache" type="list" default="1" label="MOD_GCALENDAR_UPCOMING_FIELD_CACHE_LABEL"
					description="MOD_GCALENDAR_UPCOMING_FIELD_CACHE_DESC">
					<option value="1">MOD_GCALENDAR_UPCOMING_FIELD_CACHE_GLOBAL</option>
					<option value="2">MOD_GCALENDAR_UPCOMING_FIELD_CACHE_ALWAYS</option>
					<option value="0">MOD_GCALENDAR_UPCOMING_FIELD_CACHE_NEVER</option>
				</field>
				<field name="gc_cache_time" type="text" default="900" label="MOD_GCALENDAR_UPCOMING_FIELD_CACHE_TIME_LABEL"
					description="MOD_GCALENDAR_UPCOMING_FIELD_CACHE_TIME_DESC" />
			</fieldset>
		</fields>
	</config>
</extension>