<?xml version="1.0" encoding="utf-8"?>
<install version="1.5" type="plugin" group="system" method="upgrade">
	<name>System - YJMegaMenu</name>
	<author>YouJoomla LLC</author>
	<creationDate>December 2010</creationDate>
	<copyright>Copyright (C) 2007 - 2010 Youjoomla LLC. All rights reserved.</copyright>
	<authorEmail>youjoomlallc@gmail.com</authorEmail>
	<authorUrl>www.www.youjoomla.com</authorUrl>
	<version>1.5</version>
	<description>Provides YJMegaMenu Parameters Tab in MainMenu Administration!</description>
	<files>
			<folder plugin="YJMegaMenu">YJMegaMenu</folder>
			<filename plugin="YJMegaMenu">YJMegaMenu.php</filename>
	</files>	

	<params addpath="/plugins/system/YJMegaMenu/element">
	</params>

</install>
