<?xml version="1.0" encoding="UTF-8"?>
<!-- $Id$ -->
<!DOCTYPE install>
<install type="language" version="1.5" client="site" method="upgrade">
	<name>Kunena Forum - Norwegian</name>
	<tag>nb-NO</tag>
	<creationDate>06-03-2011</creationDate>
	<version>1.6.4</version>
	<build>4566</build>
	<author>Joomla! i Norge</author>
	<authorEmail>oversettelser@joomlainorge.no</authorEmail>
	<authorUrl>http://www.joomlainorge.no</authorUrl>
	<copyright>(C) 2008 - 2011 Kunena Team All rights reserved</copyright>
	<license>GNU/GPL</license>
	<description>Norwegian language file for Kunena Forum Component</description>
	<files>
		<filename>nb-NO.com_kunena.ini</filename>
		<filename>nb-NO.com_kunena.tpl_default.ini</filename>
		<filename>nb-NO.com_kunena.tpl_example.ini</filename>
	</files>
</install>
