<?xml version="1.0" encoding="utf-8"?>
<extension type="component" version="1.6.0" method="upgrade">
	<name>jDownloads</name>
	<!-- The following elements are optional and free of formatting constraints -->
	<creationDate>2011-09-01</creationDate>
	<author>Arno Betz</author>
	<authorEmail>info@jdownloads.com</authorEmail>
	<authorUrl>http://www.jdownloads.com</authorUrl>
	<copyright>(C) 2009-2011 www.jdownloads.com</copyright>
	<license>GNU/GPL - http://www.gnu.org/copyleft/gpl.html</license>
	<!--  The version string is recorded in the components table -->
	<version>1.9.0 RC build 903</version>
	<!-- The description is optional and defaults to the name -->
	<description>Download Management Component for Joomla! 1.6.x and 1.7.x</description>
	
	<!-- Runs on install/uninstall/update; New in 1.6 -->
	<!--<scriptfile>install.jdownloads.php</scriptfile>-->
	
	<install> <!-- Runs on install -->
		<sql>
			<file driver="mysql" charset="utf8">install.sql</file>
		</sql>
	</install>

	<uninstall> <!-- Runs on uninstall -->
		<sql>
			<file driver="mysql" charset="utf8">uninstall.sql</file>
		</sql>
	</uninstall>

	<update> <!-- Runs on update; New in 1.6 -->
		<schemas>
			<schemapath type="mysql">sql/updates/mysql</schemapath>
		</schemas>
	</update>	
	
	<installfile>install.jdownloads.php</installfile> -->

	<uninstallfile>uninstall.jdownloads.php</uninstallfile>
 
	<!-- Site Main File Copy Section -->
	<!-- Note the folder attribute: This attribute describes the folder
		to copy FROM in the package to install therefore files copied
		in this section are copied from /site/ in the package -->
	<files folder="site">
		<filename>index.html</filename>
		<filename>jdownloads.php</filename>
		<filename>jdownloads.html.php</filename>
        <filename>jdownloads.edit.php</filename>   
        <filename>jdownloads.edit.html.php</filename>   
        <filename>jdownloads.class.php</filename>   
        <filename>jdownloads_fe.css</filename>   
        <filename>mp3_player_maxi.swf</filename>   
		<filename>jdownloads.js</filename>   
        <filename>router.php</filename>
        <folder>views</folder>
		<folder>assets</folder>
	</files>

	<languages folder="site">
		<language tag="en-GB">language/en-GB/en-GB.com_jdownloads.ini</language>
		<language tag="de-DE">language/de-DE/de-DE.com_jdownloads.ini</language>
	</languages>
 
	<administration>
		<!-- Administration Menu Section -->
		<menu img="components/com_jdownloads/images/m_jdownloads.gif" link="option=com_jdownloads">COM_JDOWNLOADS</menu>
		<submenu>
		<menu img="components/com_jdownloads/images/m_jdownloads.gif" link="option=com_jdownloads">COM_JDOWNLOADS_CONTROL_PANEL</menu>
		<menu img="components/com_jdownloads/images/m_categories.gif" link="option=com_jdownloads&amp;task=categories.list">COM_JDOWNLOADS_CATEGORIES</menu>
		<menu img="components/com_jdownloads/images/m_downloads.gif" link="option=com_jdownloads&amp;task=files.list">COM_JDOWNLOADS_DOWNLOADS</menu>
		<menu img="components/com_jdownloads/images/m_files.gif" link="option=com_jdownloads&amp;task=manage.files">COM_JDOWNLOADS_FILES</menu>
		<menu img="components/com_jdownloads/images/m_licenses.gif" link="option=com_jdownloads&amp;task=license.list">COM_JDOWNLOADS_LICENSES</menu>
		<menu img="components/com_jdownloads/images/m_groups.gif" link="option=com_jdownloads&amp;task=view.groups">COM_JDOWNLOADS_GROUPS</menu>
		<menu img="components/com_jdownloads/images/m_templates.gif" link="option=com_jdownloads&amp;task=templates.menu">COM_JDOWNLOADS_LAYOUTS_ADMINISTRATION</menu>
		<menu img="components/com_jdownloads/images/m_logs.gif" link="option=com_jdownloads&amp;task=view.logs">COM_JDOWNLOADS_DOWNLOAD_LOGS</menu>
		<menu img="components/com_jdownloads/images/m_config.gif" link="option=com_jdownloads&amp;task=config.show">COM_JDOWNLOADS_CONFIGURATION</menu>
		<menu img="components/com_jdownloads/images/m_backup.gif" link="option=com_jdownloads&amp;task=backup">COM_JDOWNLOADS_BACKUP_CREATION</menu>
		<menu img="components/com_jdownloads/images/m_restore.gif" link="option=com_jdownloads&amp;task=restore">COM_JDOWNLOADS_BACKUP_RESTORATION</menu>
		<menu img="components/com_jdownloads/images/m_info.gif" link="option=com_jdownloads&amp;task=info">COM_JDOWNLOADS_TERMS_OF_USE</menu>
		</submenu>
		<!-- Administration Main File Copy Section -->
		<!-- Note the folder attribute: This attribute describes the folder
			to copy FROM in the package to install therefore files copied
			in this section are copied from /admin/ in the package -->
		<files folder="admin">
			<!-- Admin Main File Copy Section -->
			<filename>index.html</filename>
			<filename>admin.jdownloads.php</filename>
			<filename>admin.jdownloads.html.php</filename>
            <filename>scan.php</filename>
            <filename>scancat.php</filename>
            <filename>htaccess.txt</filename>
            <filename>toolbar.jdownloads.html.php</filename>
            <filename>toolbar.jdownloads.php</filename>
            <filename>style.css</filename>
            <filename>htaccess.txt</filename>
			<filename>ProgressBar.class.php</filename>
            <filename>check.restore.jdownloads.php</filename>
 			<filename>install.sql</filename>
			<filename>uninstall.sql</filename>
			<folder>sql</folder>
			<folder>assets</folder>
            <folder>swfupload</folder>
			<folder>helpers</folder>
			<folder>images</folder>
		</files>
		<languages folder="admin">
			<language tag="en-GB">language/en-GB/en-GB.com_jdownloads.ini</language>
			<language tag="en-GB">language/en-GB/en-GB.com_jdownloads.sys.ini</language>
			<language tag="de-DE">language/de-DE/de-DE.com_jdownloads.ini</language>
			<language tag="de-DE">language/de-DE/de-DE.com_jdownloads.sys.ini</language>
		</languages>
	</administration>
</extension>