<?xml version="1.0" encoding="UTF-8"?>
<!-- $Id$ -->
<!DOCTYPE install>
<install type="language" version="1.5" client="site" method="upgrade">
	<name>Kunena Forum - German</name>
	<tag>de-DE</tag>
	<creationDate>2011-07-27</creationDate>
	<version>1.6.5</version>
	<build>5005</build>
	<author>Sven Schultschik (LDA) / Richard Binder (rich)</author>
	<lector>Jan Erik Zassenhaus (Team J!German)</lector>
	<authorEmail>kunena@kunena.org</authorEmail>
	<authorUrl>http://www.kunena.org</authorUrl>
	<copyright>(C) 2008 - 2011 Kunena Team. All rights reserved.</copyright>
	<license>GNU/GPL</license>
	<description>German language file for Kunena Forum Component</description>

	<files>
		<filename>de-DE.com_kunena.ini</filename>
		<filename>de-DE.com_kunena.tpl_default.ini</filename>
		<filename>de-DE.com_kunena.tpl_example.ini</filename>
	</files>
</install>
