<?xml version="1.0" encoding="UTF-8"?>
<!-- $Id$ -->
<!DOCTYPE install>
<install type="language" version="1.5" client="administrator" method="upgrade">
	<name>Kunena Forum - Arabic</name>
	<tag>ar-AA</tag>
	<creationDate>2011-07-27</creationDate>
	<version>1.6.5</version>
	<build>5005</build>
	<author>عبدالله بازهير baazza</author>
	<authorEmail>baazza@live.nl</authorEmail>
	<authorUrl>http://www.baazza.3web.me</authorUrl>
	<copyright>(C) 2008 - 2011 </copyright>
	<license>GNU/GPL</license>
	<description>اللغة العربيه لمنتدي كونينا</description>

	<files>
		<filename>ar-AA.com_kunena.ini</filename>
		<filename>ar-AA.com_kunena.install.ini</filename>
		<filename>ar-AA.com_kunena.menu.ini</filename>
		<filename>ar-AA.com_kunena.sys.ini</filename>
		<filename>ar-AA.plg_system_kunena.sys.ini</filename>
	</files>
</install>