<?xml version="1.0" encoding="utf-8"?>
<extension
	type="module"
	version="1.6.0"
	client="site"
	method="upgrade">
	<name>Simple File Lister v1.0</name>
	<author>Anders Wasen</author>
	<creationDate>January 2011</creationDate>
	<copyright>Copyright (C) 2011 Anders Wasén. All rights reserved.</copyright>
	<license>http://www.gnu.org/licenses/gpl-2.0.html GNU/GPL</license>
	<authorEmail>awasen@gmail.com</authorEmail>
	<authorUrl>wasen.net</authorUrl>
	<version>1.0</version>
	<description>A simple module that will list files from a directory set in the settings. Will allow a user to list the given directory fetched from the parameter settings.</description>
	<files>
		<filename module="mod_simplefilelisterv1.0">mod_simplefilelisterv1.0.php</filename>
		<filename>index.html</filename>
		<filename>helper.php</filename>
		<filename>mod_simplefilelister.css</filename>
		<filename>tmpl/index.html</filename>
		<filename>tmpl/default.php</filename>
		<filename>tmpl/jquery-1.4.3.min.js</filename>
		<filename>elements/donate.php</filename>
		<filename>elements/index.html</filename>
		<filename>images/index.html</filename>
		<filename>images/directory.png</filename>
		<filename>images/file.png</filename>
		<filename>images/ajax-loader.gif</filename>
		<filename>images/sort_down.png</filename>
		<filename>images/sort_up.png</filename>
		<filename>images/delete.png</filename>
	</files>
	<languages>
		<language tag="en-GB">en-GB.mod_simplefilelisterv1.0.ini</language>
		<language tag="sv-SV">sv-SV.mod_simplefilelisterv1.0.ini</language>
		<language tag="fr-FR">fr-FR.mod_simplefilelisterv1.0.ini</language>
		<language tag="pt-PT">pt-PT.mod_simplefilelisterv1.0.ini</language>
	</languages>
	<config>
		<fields name="params">
			<fieldset name="basic">
				<field name="sfl_dirlocation" type="text" default="./images/" label="Default Directory" description="This is a default directory you can chose to list. Leave empty to not include it."/>
				<field name="sfl_basepath" type="text" default="" label="Web server base path (http://xyz...)" description="If your Default Directory lies outside of the Joomla web-root you need to add the baseurl, inluding the directory to use for creating the web-links. It must start with http/https or ftp"/>
				<field name="sfl_maxfiles" type="text" default="20" label="Max. files to list" description="This is the maximum allowed files to list. Set it to zero for no limit."/>
				<field name="sfl_next" type="radio" default="0" label="Use Next button" description="Add Next/Previous buttons if list exceeds Max. files to list.">
					<option value="0">No</option>
					<option value="1">Yes</option>
				</field>
				<field name="sfl_showfilesize" type="radio" default="0" label="Show file size" description="Will add teh filesize after the file name.">
					<option value="0">No</option>
					<option value="1">Yes</option>
				</field>
				<field name="sfl_maxheight" type="text" default="0" label="Max. box height (in pixels)" description="This is the maximum allowed height for the file list box in pixels. Set it to zero to let it grow."/>
				<field name="sfl_bgcolor" type="text" default="#e8edf1" label="Background color" description="The background color of the file list box."/>
				<field name="@spacer" type="spacer" default="" label="" description=""/>
				<field name="sfl_onlyimg" type="radio" default="0" label="List only images" description="List only images or all files in directory.">
					<option value="0">All</option>
					<option value="1">Images</option>
				</field>
				<field name="sfl_imgthumbs" type="radio" default="0" label="Use thumbnails" description="Use thumbnails for images. Select Only to not show file-name, only thumb-nail image.">
					<option value="0">No</option>
					<option value="1">Yes</option>
					<option value="2">Only</option>
				</field>
				<field name="sfl_thumbheight" type="text" default="30" label="Max. thumbnail height (in pixels)" description="This is the maximum allowed height for a thumbnail."/>
				<!--field name="sfl_thumbwidth" type="text" default="30" label="Max. thumbnail width (in pixels)" description="This is the maximum allowed width for a thumbnail."/-->
				<field name="sfl_thumbkeepaspect" type="radio" default="1" label="Keep aspect ratio of thumbnail" description="Use thumbnails in correct aspect ratio, else they will be resized into max. height/width.">
					<option value="0">No</option>
					<option value="1">Yes</option>
				</field>
				<field name="sfl_listdir" type="radio" default="0" label="List directories" description="Also list sub-directories ontop of the files.">
					<option value="0">No</option>
					<option value="1">Yes</option>
				</field>
				<field name="sfl_browsedir" type="radio" default="0" label="Browse sub-directory" description="Allow the user to enter sub-directories.">
					<option value="0">No</option>
					<option value="1">Yes</option>
				</field>
				<field name="@spacer" type="spacer" default="" label="" description=""/>
				<field name="sfl_useusernameddir" type="radio" default="0" label="Use user named directory" description="This will show the logged on users files instead of the default path given above.">
					<option value="0">No</option>
					<option value="1">Yes</option>
				</field>
				<field name="sfl_usernameddirdefault" type="radio" default="0" label="ONLY show user named directory" description="Will omit the default directory from directory list. Directory list will only contain the users own files, i.e. Default Directory above will never be used!.">
					<option value="0">No</option>
					<option value="1">Yes</option>
				</field>				<field name="sfl_userlocation" type="text" default="./users/" label="User named directories root path" description="This is the directory where uploaded files for user specific files are placed (NB! Server path, not web URL). E.g. the user Anders files would be under ./users/Anders/."/>
				<field name="sfl_basepathusr" type="text" default="" label="Web server users path (http://xyz...)" description="If your Default User Directory lies outside of the Joomla web-root or you are using sub-domains you need to add the baseurl, inluding the directory to use for creating the web-links. It must start with http/https or ftp"/>
				<field name="@spacer" type="spacer" default="" label="" description=""/>
				<field name="" type="donate" default="" label="Do you like it?" description="Feel like showing your appreciation? Build: 1.0.2.0" addfieldpath="/modules/mod_simplefilelisterv1.0/elements"/>
			</fieldset>
		</fields>
		<fields name="params">
			<fieldset name="advanced">
				<field name="sfl_allowupdir" type="radio" default="0" label="Allow moving up in directories" description="This is NOT recommended! This will allow a user to add a path for moving backwards in directorystructure, beyond your Default Directory, using the AJAX query URL.">
					<option value="0">No</option>
					<option value="1">Yes</option>
				</field>
				<field name="sfl_allowdelete" type="radio" default="0" label="Allow delete files" description="This is NOT recommended! To allow delete of files you must enable this first.">
					<option value="0">No</option>
					<option value="1">Yes</option>
				</field>
				<field name="sfl_allowdeleteall" type="radio" default="0" label="Allow delete files for all" description="This is NOT recommended! It will allow any user (even not logged in) to delete files from the list.">
					<option value="0">No</option>
					<option value="1">Yes</option>
				</field>
				<field name="sfl_allowdeletereg" type="radio" default="0" label="Allow delete files for registered" description="This is NOT recommended! It will allow any registered user to delete files from the list.">
					<option value="0">No</option>
					<option value="1">Yes</option>
				</field>
				<field name="sfl_allowdeleteedt" type="radio" default="0" label="Allow delete files for editors" description="It will allow any user registered as editor to delete files from the list.">
					<option value="0">No</option>
					<option value="1">Yes</option>
				</field>
				<field name="sfl_movedeleted" type="radio" default="0" label="Move instead of delete" description="If you want to move files instead of deleting them to the directory below.">
					<option value="0">No</option>
					<option value="1">Yes</option>
				</field>
				<field name="sfl_movedeletedpath" type="text" default="./sfl_deletedfiles" label="Move to directory for deleted" description="If you want to move files instead of delete they will end up in this directory. If the directory does not exist it will be created. Files will get a unique file extension to not overwrite existing files."/>				
			</fieldset>
		</fields>
		<fields name="params">
			<fieldset name="other" label="Other Settings">
				<field name="sfl_showdir" type="radio" default="1" label="Show directory label" description="Show the path of the directory listed.">
					<option value="0">No</option>
					<option value="1">Yes</option>
					<option value="2">Hide all</option>
				</field>
				<field name="sfl_showicon" type="radio" default="1" label="Show icons" description="Show an icon in front of the directory or file.">
					<option value="0">No</option>
					<option value="1">Yes</option>
				</field>
				<field name="sfl_sortorder" type="radio" default="asc" label="Default sort order" description="Default sort order of files.">
					<option value="asc">Ascending</option>
					<option value="desc">Descending</option>
					<option value="none">Server</option>
				</field>
				<field name="sfl_showsort" type="radio" default="0" label="Show user sort option" description="Show arrows for sorting Asc/Desc to user.">
					<option value="0">No</option>
					<option value="1">Yes</option>
				</field>
				<field name="@spacer" type="spacer" default="" label="" description=""/>
				<field name="sfl_boxleft" type="text" default="0" label="Lister box left position" description="In some templates the box with the list is pushed too far to the left. Change this value to move the box to the left (reduce value) or to the right (increase value)."/>
				<field name="sfl_listleft" type="text" default="0" label="List left position" description="In some templates the list is pushed too far to the left. Change this value to move the list inside the box to the left (reduce value) or to the right (increase value)."/>
				<field name="@spacer" type="spacer" default="" label="" description=""/>
				<field name="moduleclass_sfx" type="text" default="" label="Module Class Suffix" description="Module Class Suffix"/>
			</fieldset>
		</fields>
	</config>
</extension>