<?xml version="1.0" encoding="utf-8"?>
<install type="module" version="1.5.0" method="upgrade" client="site">
	<name>Akeeba Release System - Download ID</name>
	<author>Nicholas K. Dionysopoulos</author>
	<creationDate>April 2011</creationDate>
	<copyright>Copyright (c) 2010-2011 Nicholas K. Dionysopoulos</copyright>
	<license>http://www.gnu.org/copyleft/gpl.html GNU/GPL v3 or later</license>
	<authorEmail>nicholas@dionysopoulos.me</authorEmail>
	<authorUrl>http://www.akeebabackup.com</authorUrl>
	<version>1.0</version>
	<description>MOD_ARSDLID_DESC</description>
	<files>
		<filename module="mod_arsdlid">mod_arsdlid.php</filename>
	</files>
	<languages folder="translations">
		<language tag="en-GB">en-GB.mod_arsdlid.ini</language>
		<language tag="en-GB">en-GB.mod_arsdlid.sys.ini</language>
		<language tag="el-GR">el-GR.mod_arsdlid.ini</language>
		<language tag="el-GR">el-GR.mod_arsdlid.sys.ini</language>
		<language tag="es-ES">es-ES.mod_arsdlid.ini</language>
		<language tag="es-ES">es-ES.mod_arsdlid.sys.ini</language>
		<language tag="da-DK">da-DK.mod_arsdlid.ini</language>
		<language tag="da-DK">da-DK.mod_arsdlid.sys.ini</language>
		<language tag="nb-NO">nb-NO.mod_arsdlid.ini</language>
		<language tag="nb-NO">nb-NO.mod_arsdlid.sys.ini</language>
		<language tag="nl-NL">nl-NL.mod_arsdlid.ini</language>
		<language tag="nl-NL">nl-NL.mod_arsdlid.sys.ini</language>
        <language tag="tr-TR">tr-TR.mod_arsdlid.ini</language>
		<language tag="tr-TR">tr-TR.mod_arsdlid.sys.ini</language>
		<language tag="uk-UA">uk-UA.mod_arsdlid.ini</language>
		<language tag="uk-UA">uk-UA.mod_arsdlid.sys.ini</language>
	</languages>
	<params>
		<param name="cache" type="list" default="1" label="MOD_ARSDLID_OPT_CACHING_LBL" description="MOD_ARSDLID_OPT_CACHING_DESC">
			<option value="0">MOD_ARSDLID_OPT_CACHING_NONE</option>
		</param>
		<param name="@spacer" type="spacer" default="" label="" description="" />
		<param name="moduleclass_sfx" type="text" default="" label="MOD_ARSDLID_OPT_SUFFIX_LBL" description="MOD_ARSDLID_OPT_SUFFIX_DESC" />
		<param name="@spacer" type="spacer" default="" label="" description="" />
		<param name="pretext" type="textarea" cols="30" rows="5" default="" label="MOD_ARSDLID_OPT_PRETEXT_LBL" description="MOD_ARSDLID_OPT_PRETEXT_DESC" />
		<param name="posttext" type="textarea" cols="30" rows="5" default="" label="MOD_ARSDLID_OPT_POSTTEXT_LBL" description="MOD_ARSDLID_OPT_POSTTEXT_DESC" />
	</params>
	<config>
		<fields name="params">
			<fieldset name="basic">
				<field name="cache" type="list" default="1" label="MOD_ARSDLID_OPT_CACHING_LBL" description="MOD_ARSDLID_OPT_CACHING_DESC">
					<option value="0">MOD_ARSDLID_OPT_CACHING_NONE</option>
				</field>
				<field name="moduleclass_sfx" type="text" default="" label="MOD_ARSDLID_OPT_SUFFIX_LBL" description="MOD_ARSDLID_OPT_SUFFIX_DESC" />
			</fieldset>
			<fieldset name="advanced">
				<field name="pretext" type="textarea" cols="30" rows="5" default="" label="MOD_ARSDLID_OPT_PRETEXT_LBL" description="MOD_ARSDLID_OPT_PRETEXT_DESC" />
				<field name="posttext" type="textarea" cols="30" rows="5" default="" label="MOD_ARSDLID_OPT_POSTTEXT_LBL" description="MOD_ARSDLID_OPT_POSTTEXT_DESC" />
			</fieldset>
		</fields>
	</config>
 </install>