<?xml version="1.0" encoding="utf-8"?>
<extension type="module" version="1.6.0" method="upgrade" client="site">
	<name>MOD_GCALENDAR</name>
	<author>G4J Project</author>
	<creationDate>July 2011</creationDate>
	<copyright>This extension is released under the GNU/GPL License.
	</copyright>
	<license>http://www.gnu.org/copyleft/gpl.html
		GNU/GPL</license>
	<authorEmail>info@g4j.laoneo.net</authorEmail>
	<authorUrl>g4j.laoneo.net</authorUrl>
	<version>2.3.0</version>
	<description>MOD_GCALENDAR_XML_DESCRIPTION</description>
	<files>
		<filename module="mod_gcalendar">mod_gcalendar.php
		</filename>
		<filename>index.html</filename>
		<filename>helper.php</filename>
		<folder>tmpl</folder>
	</files>
	<languages>
		<language tag="en-GB">languages/en-GB.mod_gcalendar.ini</language>
		<language tag="en-GB">languages/en-GB.mod_gcalendar.sys.ini</language>
		<language tag="de-DE">languages/de-DE.mod_gcalendar.ini</language>
		<language tag="de-DE">languages/de-DE.mod_gcalendar.sys.ini</language>
	</languages>
	<config>
		<fields name="params"  addfieldpath="/administrator/components/com_gcalendar/models/fields">
		<fieldset name="basic">
			<field name="calendarids" type="gcalendar" default=""
				label="MOD_GCALENDAR_FIELD_CALENDAR_IDS_LABEL" description="MOD_GCALENDAR_FIELD_CALENDAR_IDS_DESC" />
			<field name="weekstart" type="list" default="1" label="MOD_GCALENDAR_FIELD_WEEK_START_LABEL"
				description="MOD_GCALENDAR_FIELD_WEEK_START_DESC">
				<option value="0">MOD_GCALENDAR_FIELD_WEEK_START_SUNDAY</option>
				<option value="1">MOD_GCALENDAR_FIELD_WEEK_START_MONDAY</option>
				<option value="2">MOD_GCALENDAR_FIELD_WEEK_START_TUESDAY</option>
				<option value="3">MOD_GCALENDAR_FIELD_WEEK_START_WEDNESDAY</option>
				<option value="4">MOD_GCALENDAR_FIELD_WEEK_START_THURSDAY</option>
				<option value="5">MOD_GCALENDAR_FIELD_WEEK_START_FRIDAY</option>
				<option value="6">MOD_GCALENDAR_FIELD_WEEK_START_SATURDAY</option>
			</field>
			<field name="titleformat_month" type="text" default="MMMM yyyy" label="MOD_GCALENDAR_FIELD_TITLE_FORMAT_MONTH_LABEL"
				description="MOD_GCALENDAR_FIELD_TITLE_FORMAT_MONTH_DESC" size="50" />
			<field name="timeformat_month" type="text" default="HH:mm{ - HH:mm}" label="MOD_GCALENDAR_FIELD_TIME_FORMAT_MONTH_LABEL"
				description="MOD_GCALENDAR_FIELD_TIME_FORMAT_MONTH_DESC" size="50" />
			<field name="calendar_height" type="text" default="" label="MOD_GCALENDAR_FIELD_CALENDAR_HEIGHT_LABEL"
				description="MOD_GCALENDAR_FIELD_CALENDAR_HEIGHT_DESC" size="5" />
			<field name="event_color" type="color" default="135CAE" label="MOD_GCALENDAR_FIELD_CALENDAR_COLOR_LABEL"
					description="MOD_GCALENDAR_FIELD_CALENDAR_COLOR_DESC" size="6" />
			<field name="@spacer" type="spacer" default="" label=""
				description="" />
			<field name="moduleclass_sfx" type="text"
					label="COM_MODULES_FIELD_MODULECLASS_SFX_LABEL" description="COM_MODULES_FIELD_MODULECLASS_SFX_DESC" />
		</fieldset>
		<fieldset name="advanced">
			<field name="theme" type="text" size="50" default=""
					label="MOD_GCALENDAR_FIELD_CALENDAR_THEME_LABEL"
					description="MOD_GCALENDAR_FIELD_CALENDAR_THEME_DESC" />
			<field name="gc_cache" type="list" default="1" label="MOD_GCALENDAR_FIELD_CACHE_LABEL" description="MOD_GCALENDAR_FIELD_CACHE_DESC">
				<option value="1">MOD_GCALENDAR_FIELD_CACHE_GLOBAL</option>
				<option value="2">MOD_GCALENDAR_FIELD_CACHE_ALWAYS</option>
				<option value="0">MOD_GCALENDAR_FIELD_CACHE_NEVER</option>
			</field>
			<field name="gc_cache_time" type="text" default="900" label="MOD_GCALENDAR_FIELD_CACHE_TIME_LABEL" description="MOD_GCALENDAR_FIELD_CACHE_TIME_DESC" />
		</fieldset>
		</fields>
	</config>
</extension>