<?xml version="1.0" encoding="utf-8"?>
<install version="1.5" type="plugin" group="content" method="upgrade">
    <name>jsmallfib</name>
    <author>Enrico Sandoli</author>
    <creationDate>January 2011</creationDate>
    <copyright>Copyright (c) 2009-2011 Enrico Sandoli. All rights reserved.</copyright>
    <license>http://www.gnu.org/copyleft/gpl.html GNU/GPL</license>
    <authorEmail>jsmall@sandoli.net</authorEmail>
    <authorUrl>http://www.jsmallsoftware.com</authorUrl>
    <version>1.2.1</version>
    <description>JSMALLFIBPLUGINDESC</description>

    <files>
        <filename plugin="jsmallfib">jsmallfib.php</filename>
        <filename>jsmallfib/addfile.png</filename>
        <filename>jsmallfib/addfiles.png</filename>
        <filename>jsmallfib/addfolder.png</filename>
        <filename>jsmallfib/arrow_down.png</filename>
        <filename>jsmallfib/arrow_right.png</filename>
        <filename>jsmallfib/arrow_up.png</filename>
        <filename>jsmallfib/bmp.png</filename>
	<filename>jsmallfib/btn_donateCC_LG.gif</filename>
        <filename>jsmallfib/css.png</filename>
        <filename>jsmallfib/delete.png</filename>
        <filename>jsmallfib/doc.png</filename>
        <filename>jsmallfib/dwg.png</filename>
        <filename>jsmallfib/dxf.png</filename>
        <filename>jsmallfib/exe.png</filename>
        <filename>jsmallfib/folder.png</filename>
        <filename>jsmallfib/gif.png</filename>
        <filename>jsmallfib/gz.png</filename>
        <filename>jsmallfib/htm.png</filename>
        <filename>jsmallfib/html.png</filename>
        <filename>jsmallfib/index.html</filename>
        <filename>jsmallfib/jpeg.png</filename>
        <filename>jsmallfib/jpg.png</filename>
        <filename>jsmallfib/js.png</filename>
        <filename>jsmallfib/jsmallsoftware.png</filename>
        <filename>jsmallfib/log_disabled.png</filename>
        <filename>jsmallfib/log_found.png</filename>
        <filename>jsmallfib/log_not_found.png</filename>
        <filename>jsmallfib/minus.png</filename>
        <filename>jsmallfib/mp3.png</filename>
        <filename>jsmallfib/mpeg.png</filename>
        <filename>jsmallfib/mpg.png</filename>
        <filename>jsmallfib/null.gif</filename>
        <filename>jsmallfib/pdf.png</filename>
        <filename>jsmallfib/plus.png</filename>
        <filename>jsmallfib/png.png</filename>
        <filename>jsmallfib/ppt.png</filename>
        <filename>jsmallfib/psd.png</filename>
        <filename>jsmallfib/rename.png</filename>
        <filename>jsmallfib/skp.png</filename>
        <filename>jsmallfib/sql.png</filename>
        <filename>jsmallfib/success.png</filename>
        <filename>jsmallfib/tar.png</filename>
        <filename>jsmallfib/tick.png</filename>
        <filename>jsmallfib/tif.png</filename>
        <filename>jsmallfib/txt.png</filename>
        <filename>jsmallfib/unknown.png</filename>
        <filename>jsmallfib/unzip.png</filename>
        <filename>jsmallfib/upperdir.png</filename>
        <filename>jsmallfib/warning.png</filename>
        <filename>jsmallfib/xls.png</filename>
        <filename>jsmallfib/xml.png</filename>
        <filename>jsmallfib/xsl.png</filename>
        <filename>jsmallfib/zip.png</filename>
    </files>

    <languages folder="language">
        <language tag="en-GB">en-GB.plg_content_jsmallfib.ini</language>
        <language tag="de-DE">de-DE.plg_content_jsmallfib.ini</language>
        <language tag="es-ES">es-ES.plg_content_jsmallfib.ini</language>
        <language tag="fr-FR">fr-FR.plg_content_jsmallfib.ini</language>
        <language tag="it-IT">it-IT.plg_content_jsmallfib.ini</language>
        <language tag="sv-SE">sv-SE.plg_content_jsmallfib.ini</language>
        <language tag="nl-NL">nl-NL.plg_content_jsmallfib.ini</language>
        <language tag="da-DK">da-DK.plg_content_jsmallfib.ini</language>
        <language tag="pt-PT">pt-PT.plg_content_jsmallfib.ini</language>
    </languages>

    <params>
	<param name="default_path" type="text" size ="60" default="jsmallfib_top" label="DEFAULT_PATH" description="DEFAULT_PATH_DESC" />
        <param name="is_path_relative" type="list" default="1" label="IS_PATH_RELATIVE" description="IS_PATH_RELATIVE_DESC">
            <option value="0">USE_ABSOLUTE_PATH</option>
            <option value="1">USE_RELATIVE_PATH</option>
        </param>
	<param name="default_path_override_enabled" type="radio" default="0" label="DEFAULT_PATH_OVERRIDE_ENABLED" description="DEFAULT_PATH_OVERRIDE_ENABLED_DESC">
            <option value="0">NO</option>
            <option value="1">YES</option>
        </param>

	<param name="@spacer" type="spacer" default="" label="" description="" />

        <param name="default_visitor_access_rights" type="list" default="0" label="DEFAULT_VISITOR_ACCESS_RIGHTS" description="DEFAULT_VISITOR_ACCESS_RIGHTS_DESC">
            <option value="0">MAY_NOT_ACCESS_REPOSITORY_AT_ALL</option>
            <option value="1">CAN_ONLY_NAVIGATE_THE_REPOSITORY</option>
	    <option value="2">MAY_CREATE_FOLDERS_AND_UPLOAD_FILES</option>
	    <option value="3">MAY_DELETE_FILES_BUT_NOT_FOLDERS</option>
	    <option value="4">MAY_DELETE_FILES_AND_EMPTY_FOLDERS</option>
	    <option value="5">MAY_VIEW_LOGS</option>
        </param>
        <param name="default_reguser_access_rights" type="list" default="4" label="DEFAULT_REGISTERED_USER_ACCESS_RIGHTS" description="DEFAULT_REGISTERED_USER_ACCESS_RIGHTS_DESC">
            <option value="0">MAY_NOT_ACCESS_REPOSITORY_AT_ALL</option>
            <option value="1">CAN_ONLY_NAVIGATE_THE_REPOSITORY</option>
	    <option value="2">MAY_CREATE_FOLDERS_AND_UPLOAD_FILES</option>
	    <option value="3">MAY_DELETE_FILES_BUT_NOT_FOLDERS</option>
	    <option value="4">MAY_DELETE_FILES_AND_EMPTY_FOLDERS</option>
	    <option value="5">MAY_VIEW_LOGS</option>
        </param>

	<param name="@spacer" type="spacer" default="" label="" description="" />

	<param name="userbound_prefix" type="text" size ="40" default="Personal area for user ID" label="USERBOUND_PREFIX" description="USERBOUND_PREFIX_DESC" />
	<param name="userbound_prefix_use" type="radio" default="1" label="USERBOUND_PREFIX_USE" description="USERBOUND_PREFIX_USE_DESC">
            <option value="0">NO</option>
            <option value="1">YES</option>
        </param>
	<param name="userbound_parameter" type="list" default="0" label="USERBOUND_PARAMETER" description="USERBOUND_PARAMETER_DESC">
            <option value="0">USER_ID</option>
            <option value="1">USER_NAME</option>
            <option value="2">USER_USERNAME</option>
            <option value="3">USER_ID_USERNAME</option>
        </param>
	<param name="userbound_suffix" type="text" size ="40" default="" label="USERBOUND_SUFFIX" description="USERBOUND_SUFFIX_DESC" />
        <param name="default_personal_access_rights" type="list" default="5" label="DEFAULT_PERSONAL_ACCESS_RIGHTS" description="DEFAULT_PERSONAL_ACCESS_RIGHTS_DESC">
            <option value="0">MAY_NOT_ACCESS_REPOSITORY_AT_ALL</option>
            <option value="1">CAN_ONLY_NAVIGATE_THE_REPOSITORY</option>
	    <option value="2">MAY_CREATE_FOLDERS_AND_UPLOAD_FILES</option>
	    <option value="3">MAY_DELETE_FILES_BUT_NOT_FOLDERS</option>
	    <option value="4">MAY_DELETE_FILES_AND_EMPTY_FOLDERS</option>
	    <option value="5">MAY_VIEW_LOGS</option>
        </param>

	<param name="@spacer" type="spacer" default="" label="" description="" />

	<param name="groupbound_prefix" type="text" size ="40" default="Shared area for group ID" label="GROUPBOUND_PREFIX" description="GROUPBOUND_PREFIX_DESC" />
	<param name="groupbound_prefix_use" type="radio" default="1" label="GROUPBOUND_PREFIX_USE" description="GROUPBOUND_PREFIX_USE_DESC">
            <option value="0">NO</option>
            <option value="1">YES</option>
        </param>
	<param name="groupbound_parameter" type="list" default="0" label="GROUPBOUND_PARAMETER" description="GROUPBOUND_PARAMETER_DESC">
            <option value="0">GROUP_ID</option>
            <option value="1">GROUP_TITLE</option>
        </param>
	<param name="groupbound_suffix" type="text" size ="40" default="" label="GROUPBOUND_SUFFIX" description="GROUPBOUND_SUFFIX_DESC" />
        <param name="default_group_access_rights" type="list" default="5" label="DEFAULT_GROUP_ACCESS_RIGHTS" description="DEFAULT_GROUP_ACCESS_RIGHTS_DESC">
            <option value="0">MAY_NOT_ACCESS_REPOSITORY_AT_ALL</option>
            <option value="1">CAN_ONLY_NAVIGATE_THE_REPOSITORY</option>
	    <option value="2">MAY_CREATE_FOLDERS_AND_UPLOAD_FILES</option>
	    <option value="3">MAY_DELETE_FILES_BUT_NOT_FOLDERS</option>
	    <option value="4">MAY_DELETE_FILES_AND_EMPTY_FOLDERS</option>
	    <option value="5">MAY_VIEW_LOGS</option>
        </param>

	<param name="@spacer" type="spacer" default="" label="" description="" />

        <param name="hidden_files" type="textarea" cols="30" rows="6" default=".htaccess, .ftpquota, *.php, index.html" label="HIDDEN_FILES" description="HIDDEN_FILES_DESC" />
        <param name="hidden_folders" type="textarea" cols="30" rows="6" default="" label="HIDDEN_FOLDERS" description="HIDDEN_FOLDERS_DESC" />

	<param name="@spacer" type="spacer" default="" label="" description="" />

	<param name="encode_to_utf8" type="radio" default="1" label="ENCODE_TO_UTF8" description="ENCODE_TO_UTF8_DESC">
            <option value="0">NO</option>
            <option value="1">YES</option>
        </param>

	<param name="@spacer" type="spacer" default="" label="" description="" />

	<param name="is_direct_link_to_files" type="list" default="0" label="IS_DIRECT_LINK_TO_FILES" description="IS_DIRECT_LINK_TO_FILES_DESC">
            <option value="0">DIRECT_LINK_TO_FILES_NO</option>
            <option value="1">DIRECT_LINK_TO_FILES_SAME_WINDOW</option>
            <option value="2">DIRECT_LINK_TO_FILES_NEW_WINDOW</option>
        </param>

        <param name="display_currentdirectory" type="radio" default="1" label="DISPLAY_CURRENTDIRECTORY" description="DISPLAY_CURRENTDIRECTORY_DESC">
            <option value="0">NO</option>
            <option value="1">YES</option>
        </param>

        <param name="thumbsize" type="text" size ="4" default="60" label="THUMBSIZE" description="THUMBSIZE_DESC" />

	<param name="display_filesize" type="radio" default="1" label="DISPLAY_FILESIZE" description="DISPLAY_FILESIZE_DESC">
            <option value="0">NO</option>
            <option value="1">YES</option>
        </param>
	<param name="filesize_separator" type="list" default="." label="FILESIZE_SEPARATOR" description="FILESIZE_SEPARATOR_DESC">
            <option value=".">DOT</option>
            <option value=",">COMMA</option>
        </param>

	<param name="display_filedate" type="radio" default="1" label="DISPLAY_FILEDATE" description="DISPLAY_FILEDATE_DESC">
            <option value="0">NO</option>
            <option value="1">YES</option>
        </param>

        <param name="date_format" type="list" default="dd_mm_yyyy_slashsep" label="DATE_FORMAT" description="DATE_FORMAT_DESC">
            <option value="dd_mm_yyyy_dashsep">dd-mm-yyyy</option>
            <option value="dd_mm_yyyy_pointsep">dd.mm.yyyy</option>
	    <option value="dd_mm_yyyy_slashsep">dd/mm/yyyy</option>
            <option value="yyyy_mm_dd_dashsep">yyyy-mm-dd</option>
            <option value="yyyy_mm_dd_pointsep">yyyy.mm.dd</option>
	    <option value="yyyy_mm_dd_slashsep">yyyy/mm/dd</option>
	    <option value="mm_dd_yyyy_dashsep">mm-dd-yyyy</option>
	    <option value="mm_dd_yyyy_pointsep">mm.dd.yyyy</option>
	    <option value="mm_dd_yyyy_slashsep">mm/dd/yyyy</option>
        </param>
	<param name="display_filetime" type="radio" default="1" label="DISPLAY_FILETIME" description="DISPLAY_FILETIME_DESC">
            <option value="0">NO</option>
            <option value="1">YES</option>
        </param>
	<param name="display_seconds" type="radio" default="1" label="DISPLAY_SECONDS" description="DISPLAY_SECONDS_DESC">
            <option value="0">NO</option>
            <option value="1">YES</option>
        </param>

	<param name="@spacer" type="spacer" default="" label="" description="" />

	<param name="default_sort_by" type="radio" default="name" label="DEFAULT_SORT_BY" description="DEFAULT_SORT_BY_DESC">
            <option value="name">NAME</option>
            <option value="size">SIZE</option>
            <option value="changed">CHANGED</option>
        </param>
	<param name="default_sort_as" type="radio" default="asc" label="DEFAULT_SORT_AS" description="DEFAULT_SORT_AS_DESC">
            <option value="asc">ASCENDING</option>
            <option value="desc">DESCENDING</option>
        </param>
	<param name="default_sort_nat" type="radio" default="1" label="DEFAULT_SORT_NAT" description="DEFAULT_SORT_NAT_DESC">
            <option value="0">NO</option>
            <option value="1">YES</option>
        </param>

	<param name="@spacer" type="spacer" default="" label="" description="" />

        <param name="filter_list_allow" type="radio" default="1" label="FILTER_LIST_ALLOW" description="FILTER_LIST_ALLOW_DESC">
            <option value="0">NO</option>
            <option value="1">YES</option>
        </param>

        <param name="unzip_allow" type="radio" default="1" label="UNZIP_ALLOW" description="UNZIP_ALLOW_DESC">
            <option value="0">NO</option>
            <option value="1">YES</option>
        </param>

        <param name="show_help_link" type="radio" default="1" label="SHOW_HELP_LINK" description="SHOW_HELP_LINK_DESC">
            <option value="0">NO</option>
            <option value="1">YES</option>
        </param>

	<param name="@spacer" type="spacer" default="" label="" description="" />

        <param name="table_width" type="text" size ="15" default="680" label="MAIN_DISPLAY_WIDTH" description="MAIN_DISPLAY_WIDTH_DESC" />
        <param name="row_height" type="text" size ="15" default="30" label="ROW_HEIGHT" description="ROW_HEIGHT_DESC" />
        <param name="highlighted_color" type="text" size ="15" default="FFD" label="HIGHLIGHTED_COLOR" description="HIGHLIGHTED_COLOR_DESC" />
        <param name="oddrows_color" type="text" size ="15" default="F9F9F9" label="ODDROWS_COLOR" description="ODDROWS_COLOR_DESC" />
        <param name="evenrows_color" type="text" size ="15" default="FFFFFF" label="EVENROWS_COLOR" description="EVENROWS_COLOR_DESC" />

        <param name="framebox_bgcolor" type="text" size ="15" default="FFFFFF" label="FRAMEBOX_BGCOLOR" description="FRAMEBOX_BGCOLOR_DESC" />
        <param name="framebox_linecolor" type="text" size ="15" default="CDD2D6" label="FRAMEBOX_LINECOLOR" description="FRAMEBOX_LINECOLOR_DESC" />
        <param name="framebox_border" type="text" size ="15" default="1" label="FRAMEBOX_BORDER" description="FRAMEBOX_BORDER_DESC" />
        <param name="framebox_linetype" type="list" default="solid" label="FRAMEBOX_LINETYPE" description="FRAMEBOX_LINETYPE_DESC">
            <option value="solid">SOLID</option>
            <option value="dotted">DOTTED</option>
            <option value="dashed">DASHED</option>
            <option value="double">DOUBLE</option>
            <option value="groove">GROOVE</option>
            <option value="ridge">RIDGE</option>
            <option value="inset">INSET</option>
            <option value="outset">OUTSET</option>
        </param>
	
        <param name="header_bgcolor" type="text" size ="15" default="FFFFFF" label="HEADER_BGCOLOR" description="HEADER_BGCOLOR_DESC" />

        <param name="line_bgcolor" type="text" size ="15" default="CDD2D6" label="LINE_BGCOLOR" description="LINE_BGCOLOR_DESC" />
        <param name="line_height" type="text" size ="15" default="1" label="LINE_HEIGHT" description="LINE_HEIGHT_DESC" />

	<param name="uploadbox_bgcolor" type="text" size ="15" default="F8F9FA" label="UPLOADBOX_BGCOLOR" description="UPLOADBOX_BGCOLOR_DESC" />
        <param name="uploadbox_linecolor" type="text" size ="15" default="CDD2D6" label="UPLOADBOX_LINECOLOR" description="UPLOADBOX_LINECOLOR_DESC" />
        <param name="uploadbox_border" type="text" size ="15" default="1" label="UPLOADBOX_BORDER" description="UPLOADBOX_BORDER_DESC" />
        <param name="uploadbox_linetype" type="list" default="solid" label="UPLOADBOX_LINETYPE" description="UPLOADBOX_LINETYPE_DESC">
            <option value="solid">SOLID</option>
            <option value="dotted">DOTTED</option>
            <option value="dashed">DASHED</option>
            <option value="double">DOUBLE</option>
            <option value="groove">GROOVE</option>
            <option value="ridge">RIDGE</option>
            <option value="inset">INSET</option>
            <option value="outset">OUTSET</option>
        </param>


        <param name="inputbox_bgcolor" type="text" size ="15" default="FFFFFF" label="INPUTBOX_BGCOLOR" description="INPUTBOX_BGCOLOR_DESC" />
        <param name="inputbox_linecolor" type="text" size ="15" default="CDD2D6" label="INPUTBOX_LINECOLOR" description="INPUTBOX_LINECOLOR_DESC" />
        <param name="inputbox_border" type="text" size ="15" default="1" label="INPUTBOX_BORDER" description="INPUTBOX_BORDER_DESC" />
        <param name="inputbox_linetype" type="list" default="solid" label="INPUTBOX_LINETYPE" description="INPUTBOX_LINETYPE_DESC">
            <option value="solid">SOLID</option>
            <option value="dotted">DOTTED</option>
            <option value="dashed">DASHED</option>
            <option value="double">DOUBLE</option>
            <option value="groove">GROOVE</option>
            <option value="ridge">RIDGE</option>
            <option value="inset">INSET</option>
            <option value="outset">OUTSET</option>
        </param>
	
        <param name="errorbox_bgcolor" type="text" size ="15" default="FFE4E1" label="ERRORBOX_BGCOLOR" description="ERRORBOX_BGCOLOR_DESC" />
        <param name="errorbox_linecolor" type="text" size ="15" default="F8A097" label="ERRORBOX_LINECOLOR" description="ERRORBOX_LINECOLOR_DESC" />
        <param name="errorbox_border" type="text" size ="15" default="1" label="ERRORBOX_BORDER" description="ERRORBOX_BORDER_DESC" />
        <param name="errorbox_linetype" type="list" default="solid" label="ERRORBOX_LINETYPE" description="ERRORBOX_LINETYPE_DESC">
            <option value="solid">SOLID</option>
            <option value="dotted">DOTTED</option>
            <option value="dashed">DASHED</option>
            <option value="double">DOUBLE</option>
            <option value="groove">GROOVE</option>
            <option value="ridge">RIDGE</option>
            <option value="inset">INSET</option>
            <option value="outset">OUTSET</option>
        </param>
	
        <param name="successbox_bgcolor" type="text" size ="15" default="E7F6DC" label="SUCCESSBOX_BGCOLOR" description="SUCCESSBOX_BGCOLOR_DESC" />
        <param name="successbox_linecolor" type="text" size ="15" default="66B42D" label="SUCCESSBOX_LINECOLOR" description="SUCCESSBOX_LINECOLOR_DESC" />
        <param name="successbox_border" type="text" size ="15" default="1" label="SUCCESSBOX_BORDER" description="SUCCESSBOX_BORDER_DESC" />
        <param name="successbox_linetype" type="list" default="solid" label="SUCCESSBOX_LINETYPE" description="SUCCESSBOX_LINETYPE_DESC">
            <option value="solid">SOLID</option>
            <option value="dotted">DOTTED</option>
            <option value="dashed">DASHED</option>
            <option value="double">DOUBLE</option>
            <option value="groove">GROOVE</option>
            <option value="ridge">RIDGE</option>
            <option value="inset">INSET</option>
            <option value="outset">OUTSET</option>
        </param>
</params>
<params group="advanced">
	<param name="allow_file_archiving" type="radio" default="1" label="ALLOW_FILE_ARCHIVING" description="ALLOW_FILE_ARCHIVING_DESC">
            <option value="0">NO</option>
            <option value="1">YES</option>
        </param>
	
	<param name="@spacer" type="spacer" default="" label="" description="" />

	<param name="allow_upload_box_hiding" type="radio" default="1" label="ALLOW_UPLOAD_BOX_HIDING" description="ALLOW_UPLOAD_BOX_HIDING_DESC">
            <option value="0">NO</option>
            <option value="1">YES</option>
        </param>

        <param name="split_upload_section" type="radio" default="0" label="SPLIT_UPLOAD_SECTION" description="SPLIT_UPLOAD_SECTION_DESC">
            <option value="0">NO</option>
            <option value="1">YES</option>
        </param>

	<param name="@spacer" type="spacer" default="" label="" description="" />

	<param name="log_uploads" type="radio" default="0" label="LOG_UPLOADS" description="LOG_UPLOADS_DESC">
            <option value="0">NO</option>
            <option value="1">YES</option>
            <option value="2">AND_EMAIL</option>
        </param>
        <param name="log_downloads" type="radio" default="0" label="LOG_DOWNLOADS" description="LOG_DOWNLOADS_DESC">
            <option value="0">NO</option>
            <option value="1">YES</option>
            <option value="2">AND_EMAIL</option>
        </param>
        <param name="log_removedfolders" type="radio" default="0" label="LOG_REMOVEDFOLDERS" description="LOG_REMOVEDFOLDERS_DESC">
            <option value="0">NO</option>
            <option value="1">YES</option>
            <option value="2">AND_EMAIL</option>
        </param>
        <param name="log_removedfiles" type="radio" default="0" label="LOG_REMOVEDFILES" description="LOG_REMOVEDFILES_DESC">
            <option value="0">NO</option>
            <option value="1">YES</option>
            <option value="2">AND_EMAIL</option>
        </param>
        <param name="log_restoredfiles" type="radio" default="0" label="LOG_RESTOREDFILES" description="LOG_RESTOREDFILES_DESC">
            <option value="0">NO</option>
            <option value="1">YES</option>
            <option value="2">AND_EMAIL</option>
        </param>
        <param name="log_newfolders" type="radio" default="0" label="LOG_NEWFOLDERS" description="LOG_NEWFOLDERS_DESC">
            <option value="0">NO</option>
            <option value="1">YES</option>
            <option value="2">AND_EMAIL</option>
        </param>
        <param name="log_newfoldernames" type="radio" default="0" label="LOG_NEWFOLDERNAMES" description="LOG_NEWFOLDERNAMES_DESC">
            <option value="0">NO</option>
            <option value="1">YES</option>
            <option value="2">AND_EMAIL</option>
        </param>
        <param name="log_newfilenames" type="radio" default="0" label="LOG_NEWFILENAMES" description="LOG_NEWFILENAMES_DESC">
            <option value="0">NO</option>
            <option value="1">YES</option>
            <option value="2">AND_EMAIL</option>
        </param>
        <param name="log_unzippedfiles" type="radio" default="0" label="LOG_UNZIPPEDFILES" description="LOG_UNZIPPEDFILES_DESC">
            <option value="0">NO</option>
            <option value="1">YES</option>
            <option value="2">AND_EMAIL</option>
        </param>
        <param name="log_highlighted_color" type="text" size ="15" default="FF6600" label="LOG_HIGHLIGHTED_COLOR" description="LOG_HIGHLIGHTED_COLOR_DESC" />

        <param name="log_email_from" type="text" size ="50" default="" label="LOG_EMAIL_FROM" description="LOG_EMAIL_FROM_DESC" />
        <param name="log_email_from_string" type="text" size ="50" default="Jsmallfib Log Alert" label="LOG_EMAIL_FROM_STRING" description="LOG_EMAIL_FROM_STRING_DESC" />
        <param name="log_email_to" type="text" size ="50" default="" label="LOG_EMAIL_TO" description="LOG_EMAIL_TO_DESC" />
        <param name="log_email_subject" type="text" size ="50" default="Jsmallfib Log Alert" label="LOG_EMAIL_SUBJECT" description="LOG_EMAIL_SUBJECT_DESC" />

	<param name="@spacer" type="spacer" default="" label="" description="" />

        <param name="default_file_chmod" type="text" size ="4" default="0664" label="DEFAULT_FILE_CHMOD" description="DEFAULT_FILE_CHMOD_DESC" />
        <param name="default_dir_chmod" type="text" size ="4" default="0775" label="DEFAULT_DIR_CHMOD" description="DEFAULT_DIR_CHMOD_DESC" />

	<param name="@spacer" type="spacer" default="" label="" description="" />

        <param name="DEBUG_enabled" type="radio" default="0" label="DEBUG_ENABLED" description="DEBUG_ENABLED_DESC">
            <option value="0">NO</option>
            <option value="1">YES</option>
        </param>
    </params>
</install>
