<?xml version="1.0" encoding="UTF-8"?>
<!-- $Id$ -->
<!DOCTYPE install>
<install type="language" version="1.5" client="administrator" method="upgrade">
        <name>Kunena Forum - Spanish</name>
        <tag>es-ES</tag>
        <creationDate>2011-07-27</creationDate>
		<version>1.6.5</version>
		<build>5005</build>
        <author>Kunena Spanish Team</author>
        <authorEmail>kunenaspanish@kunenaspanish.com</authorEmail>
        <authorUrl>http://www.KunenaSpanish.com</authorUrl>
        <copyright>(C) 2008 - 2011 Kunena Spanish Team. All rights reserved.</copyright>
        <license>GNU/GPL</license>
        <description>Spanish language file for Kunena Forum Component</description>

        <files>
                <filename>es-ES.com_kunena.ini</filename>
                <filename>es-ES.com_kunena.install.ini</filename>
                <filename>es-ES.com_kunena.menu.ini</filename>
                <filename>es-ES.com_kunena.sys.ini</filename>
                <filename>es-ES.plg_system_kunena.sys.ini</filename>
        </files>
</install>
