<?xml version="1.0" encoding="utf-8"?>
<!DOCTYPE install SYSTEM "http://dev.joomla.org/xml/1.5/component-install.dtd">
<install type="component" version="1.5.0" method="upgrade">
	<name>Ars</name>
	<creationDate>2011-07-25</creationDate>
	<author>Nicholas K. Dionysopoulos</author>
	<authorEmail>nicholas@akeebabackup.com</authorEmail>
	<authorUrl>http://www.akeebabackup.com</authorUrl>
	<copyright>Copyright (c)2010 Nicholas K. Dionysopoulos</copyright>
	<license>This component in released under the GNU/GPL v3 or later license</license>
	<version>1.0.1</version>
	<description>Akeeba Release System</description>

	<!-- Public front end files -->
	<files folder="frontend">
		<filename>ars.php</filename>
		<filename>index.html</filename>
		<filename>metadata.xml</filename>
		<filename>router.php</filename>
		<folder>controllers</folder>
		<folder>helpers</folder>
		<folder>models</folder>
		<folder>views</folder>
	</files>

	<!-- Front end translation files -->
	<languages folder="translation/frontend">
		<language tag="en-GB">en-GB.com_ars.ini</language>
		<language tag="da-DK">da-DK.com_ars.ini</language>
		<language tag="de-DE">de-DE.com_ars.ini</language>
		<language tag="el-GR">el-GR.com_ars.ini</language>
		<language tag="es-ES">es-ES.com_ars.ini</language>
		<language tag="nb-NO">nb-NO.com_ars.ini</language>
		<language tag="nl-NL">nl-NL.com_ars.ini</language>
		<language tag="tr-TR">tr-TR.com_ars.ini</language>
		<language tag="uk-UA">uk-UA.com_ars.ini</language>
	</languages>

	<!-- SQL query files to execute on installation -->
	<install>
		<sql>
			<file charset="utf8" driver="mysql">install.sql</file>
			<file driver="mysql">install.sql</file>
			<file charset="utf8" driver="mysqli">install.sql</file>
			<file driver="mysqli">install.sql</file>
		</sql>
	</install>

	<!-- SQL query files to execute on uninstallation -->
	<uninstall>
		<sql>
			<file charset="utf8" driver="mysql">uninstall.sql</file>
			<file driver="mysql">uninstall.sql</file>
			<file charset="utf8" driver="mysqli">uninstall.sql</file>
			<file driver="mysqli">uninstall.sql</file>
		</sql>
	</uninstall>
	
	<!-- Media files -->
	<media destination="com_ars" folder="media">
		<folder>css</folder>
		<folder>js</folder>
		<folder>theme</folder>
		<folder>icons</folder>
		<folder>plugins</folder>
	</media>

	<!-- Administrator back-end section -->
	<administration>
		<!-- Administration menu -->
		<menu view="cpanel"
			img="components/com_ars/assets/images/ars-16.png">COM_ARS</menu>

		<!-- Back-end files -->
		<files folder="backend">
			<filename>ars.php</filename>
			<filename>config.xml</filename>
			<filename>index.html</filename>
			<filename>install.sql</filename>
			<filename>uninstall.sql</filename>
			<folder>assets</folder>
			<folder>controllers</folder>
			<folder>elements</folder>
			<folder>helpers</folder>
			<folder>language</folder>
			<folder>liveupdate</folder>
			<folder>models</folder>
			<folder>tables</folder>
			<folder>views</folder>
		</files>

		<!-- Back-end translation files -->
		<languages folder="translation/backend">
			<language tag="en-GB">en-GB.com_ars.ini</language>
			<language tag="en-GB">en-GB.com_ars.menu.ini</language>
			<language tag="da-DK">da-DK.com_ars.ini</language>
			<language tag="da-DK">da-DK.com_ars.menu.ini</language>
			<language tag="de-DE">de-DE.com_ars.ini</language>
			<language tag="de-DE">de-DE.com_ars.menu.ini</language>
			<language tag="el-GR">el-GR.com_ars.ini</language>
			<language tag="el-GR">el-GR.com_ars.menu.ini</language>
			<language tag="es-ES">es-ES.com_ars.ini</language>
			<language tag="es-ES">es-ES.com_ars.menu.ini</language>
			<language tag="nb-NO">nb-NO.com_ars.ini</language>
			<language tag="nb-NO">nb-NO.com_ars.menu.ini</language>
			<language tag="nl-NL">nl-NL.com_ars.ini</language>
			<language tag="nl-NL">nl-NL.com_ars.menu.ini</language>
			<language tag="tr-TR">tr-TR.com_ars.ini</language>
			<language tag="tr-TR">tr-TR.com_ars.menu.ini</language>
			<language tag="uk-UA">uk-UA.com_ars.ini</language>
			<language tag="uk-UA">uk-UA.com_ars.menu.ini</language>
		</languages>
	</administration>
	
	<!-- Installation / uninstallation PHP scripts -->
	<installfile>install.ars.php</installfile>
	<uninstallfile>uninstall.ars.php</uninstallfile>
	<scriptfile>script.ars.php</scriptfile>

	<updateservers>
		<server type="extension" priority="1" name="Akeeba Release System Updates"><![CDATA[http://www.akeebabackup.com/index.php?option=com_ars&view=update&task=stream&id=9&format=xml]]></server>
	</updateservers>	
</install>
